"RK",TIERS,"PLAYER NAME",TEAM,"POS","BYE WEEK","UPSIDE ","BUST ","SOS SEASON","ECR VS. ADP"
"1",1,"Josh Allen",BUF,"QB1","7","Coach Upside rating","Coach Bust rating","3 out of 5 stars","-"
"2",1,"Lamar Jackson",BAL,"QB2","13","Coach Upside rating","Coach Bust rating","3 out of 5 stars","-"
"3",1,"Drake Maye",NE,"QB3","11","Coach Upside rating","Coach Bust rating","2 out of 5 stars","-"
"4",1,"Joe Burrow",CIN,"QB4","6","Coach Upside rating","Coach Bust rating","3 out of 5 stars","-"
"5",2,"Jayden Daniels",WAS,"QB5","7","Coach Upside rating","Coach Bust rating","2 out of 5 stars","-"
"6",2,"Jalen Hurts",PHI,"QB6","10","Coach Upside rating","Coach Bust rating","5 out of 5 stars","-"
"7",2,"Ja'Marr Chase",CIN,"WR1","6","Coach Upside rating","Coach Bust rating","4 out of 5 stars","-"
"8",2,"Puka Nacua",LAR,"WR2","11","Coach Upside rating","Coach Bust rating","1 out of 5 stars","-"
"9",2,"Caleb Williams",CHI,"QB7","10","Coach Upside rating","Coach Bust rating","3 out of 5 stars","-"
"10",2,"Justin Herbert",LAC,"QB8","7","Coach Upside rating","Coach Bust rating","2 out of 5 stars","-"
"11",2,"Bijan Robinson",ATL,"RB1","11","Coach Upside rating","Coach Bust rating","2 out of 5 stars","-"
"12",2,"Jahmyr Gibbs",DET,"RB2","6","Coach Upside rating","Coach Bust rating","5 out of 5 stars","-"
"13",2,"Jaxon Smith-Njigba",SEA,"WR3","11","Coach Upside rating","Coach Bust rating","3 out of 5 stars","-"
"14",3,"Dak Prescott",DAL,"QB9","14","Coach Upside rating","Coach Bust rating","2 out of 5 stars","-"
"15",3,"Trevor Lawrence",JAC,"QB10","7","Coach Upside rating","Coach Bust rating","4 out of 5 stars","-"
"16",3,"Amon-Ra St. Brown",DET,"WR4","6","Coach Upside rating","Coach Bust rating","4 out of 5 stars","-"
"17",3,"Christian McCaffrey",SF,"RB3","8","Coach Upside rating","Coach Bust rating","2 out of 5 stars","-"
"18",3,"Jaxson Dart",NYG,"QB11","8","Coach Upside rating","Coach Bust rating","4 out of 5 stars","-"
"19",3,"Brock Purdy",SF,"QB12","8","Coach Upside rating","Coach Bust rating","1 out of 5 stars","-"
"20",3,"CeeDee Lamb",DAL,"WR5","14","Coach Upside rating","Coach Bust rating","2 out of 5 stars","-"
"21",3,"Justin Jefferson",MIN,"WR6","6","Coach Upside rating","Coach Bust rating","5 out of 5 stars","-"
"22",4,"Jonathan Taylor",IND,"RB4","13","Coach Upside rating","Coach Bust rating","4 out of 5 stars","-"
"23",4,"Bo Nix",DEN,"QB13","10","Coach Upside rating","Coach Bust rating","3 out of 5 stars","-"
"24",4,"Drake London",ATL,"WR7","11","Coach Upside rating","Coach Bust rating","3 out of 5 stars","-"
"25",4,"Patrick Mahomes II",KC,"QB14","5","Coach Upside rating","Coach Bust rating","2 out of 5 stars","-"
"26",4,"A.J. Brown",NE,"WR8","11","Coach Upside rating","Coach Bust rating","2 out of 5 stars","-"
"27",4,"Nico Collins",HOU,"WR9","8","Coach Upside rating","Coach Bust rating","3 out of 5 stars","-"
"28",4,"Matthew Stafford",LAR,"QB15","11","Coach Upside rating","Coach Bust rating","3 out of 5 stars","-"
"29",4,"Ashton Jeanty",LV,"RB5","13","Coach Upside rating","Coach Bust rating","2 out of 5 stars","-"
"30",5,"George Pickens",DAL,"WR10","14","Coach Upside rating","Coach Bust rating","2 out of 5 stars","-"
"31",5,"Trey McBride",ARI,"TE1","14","Coach Upside rating","Coach Bust rating","2 out of 5 stars","-"
"32",5,"Jared Goff",DET,"QB16","6","Coach Upside rating","Coach Bust rating","5 out of 5 stars","-"
"33",5,"James Cook III",BUF,"RB6","7","Coach Upside rating","Coach Bust rating","2 out of 5 stars","-"
"34",5,"De'Von Achane",MIA,"RB7","6","Coach Upside rating","Coach Bust rating","3 out of 5 stars","-"
"35",5,"Chase Brown",CIN,"RB8","6","Coach Upside rating","Coach Bust rating","2 out of 5 stars","-"
"36",5,"Chris Olave",NO,"WR11","8","Coach Upside rating","Coach Bust rating","3 out of 5 stars","-"
"37",5,"Rashee Rice",KC,"WR12","5","Coach Upside rating","Coach Bust rating","2 out of 5 stars","-"
"38",5,"Kyler Murray",MIN,"QB17","6","Coach Upside rating","Coach Bust rating","5 out of 5 stars","-"
"39",5,"Brock Bowers",LV,"TE2","13","Coach Upside rating","Coach Bust rating","3 out of 5 stars","-"
"40",5,"DeVonta Smith",PHI,"WR13","10","Coach Upside rating","Coach Bust rating","4 out of 5 stars","-"
"41",5,"Omarion Hampton",LAC,"RB9","7","Coach Upside rating","Coach Bust rating","3 out of 5 stars","-"
"42",5,"Saquon Barkley",PHI,"RB10","10","Coach Upside rating","Coach Bust rating","4 out of 5 stars","-"
"43",5,"Jordan Love",GB,"QB18","11","Coach Upside rating","Coach Bust rating","4 out of 5 stars","-"
"44",5,"Garrett Wilson",NYJ,"WR14","13","Coach Upside rating","Coach Bust rating","4 out of 5 stars","-"
"45",6,"Baker Mayfield",TB,"QB19","10","Coach Upside rating","Coach Bust rating","2 out of 5 stars","-"
"46",6,"Tetairoa McMillan",CAR,"WR15","5","Coach Upside rating","Coach Bust rating","2 out of 5 stars","-"
"47",6,"Kenneth Walker III",KC,"RB11","5","Coach Upside rating","Coach Bust rating","3 out of 5 stars","-"
"48",6,"Zay Flowers",BAL,"WR16","13","Coach Upside rating","Coach Bust rating","4 out of 5 stars","-"
"49",6,"Tyler Shough",NO,"QB20","8","Coach Upside rating","Coach Bust rating","3 out of 5 stars","-"
"50",6,"Tee Higgins",CIN,"WR17","6","Coach Upside rating","Coach Bust rating","4 out of 5 stars","-"
"51",6,"Ladd McConkey",LAC,"WR18","7","Coach Upside rating","Coach Bust rating","2 out of 5 stars","-"
"52",6,"Jeremiyah Love",ARI,"RB12","14","Coach Upside rating","Coach Bust rating","2 out of 5 stars","-"
"53",6,"Malik Willis",MIA,"QB21","6","Coach Upside rating","Coach Bust rating","3 out of 5 stars","-"
"54",6,"Colston Loveland",CHI,"TE3","10","Coach Upside rating","Coach Bust rating","2 out of 5 stars","-"
"55",6,"Jaylen Waddle",DEN,"WR19","10","Coach Upside rating","Coach Bust rating","2 out of 5 stars","-"
"56",6,"Emeka Egbuka",TB,"WR20","10","Coach Upside rating","Coach Bust rating","4 out of 5 stars","-"
"57",6,"Malik Nabers",NYG,"WR21","8","Coach Upside rating","Coach Bust rating","4 out of 5 stars","-"
"58",6,"Derrick Henry",BAL,"RB13","13","Coach Upside rating","Coach Bust rating","3 out of 5 stars","-"
"59",6,"Breece Hall",NYJ,"RB14","13","Coach Upside rating","Coach Bust rating","3 out of 5 stars","-"
"60",6,"C.J. Stroud",HOU,"QB22","8","Coach Upside rating","Coach Bust rating","4 out of 5 stars","-"
"61",6,"Terry McLaurin",WAS,"WR22","7","Coach Upside rating","Coach Bust rating","2 out of 5 stars","-"
"62",6,"Kyren Williams",LAR,"RB15","11","Coach Upside rating","Coach Bust rating","5 out of 5 stars","-"
"63",6,"Sam Darnold",SEA,"QB23","11","Coach Upside rating","Coach Bust rating","4 out of 5 stars","-"
"64",6,"Josh Jacobs",GB,"RB16","11","Coach Upside rating","Coach Bust rating","4 out of 5 stars","-"
"65",6,"Luther Burden III",CHI,"WR23","10","Coach Upside rating","Coach Bust rating","3 out of 5 stars","-"
"66",7,"Cam Ward",TEN,"QB24","9","Coach Upside rating","Coach Bust rating","3 out of 5 stars","-"
"67",7,"Javonte Williams",DAL,"RB17","14","Coach Upside rating","Coach Bust rating","4 out of 5 stars","-"
"68",7,"Travis Etienne Jr.",NO,"RB18","8","Coach Upside rating","Coach Bust rating","3 out of 5 stars","-"
"69",7,"Davante Adams",LAR,"WR24","11","Coach Upside rating","Coach Bust rating","1 out of 5 stars","-"
"70",7,"Bryce Young",CAR,"QB25","5","Coach Upside rating","Coach Bust rating","2 out of 5 stars","-"
"71",7,"DJ Moore",BUF,"WR25","7","Coach Upside rating","Coach Bust rating","4 out of 5 stars","-"
"72",7,"Mike Evans",SF,"WR26","8","Coach Upside rating","Coach Bust rating","2 out of 5 stars","-"
"73",7,"Tyler Warren",IND,"TE4","13","Coach Upside rating","Coach Bust rating","3 out of 5 stars","-"
"74",7,"Jameson Williams",DET,"WR27","6","Coach Upside rating","Coach Bust rating","4 out of 5 stars","-"
"75",7,"Daniel Jones",IND,"QB26","13","Coach Upside rating","Coach Bust rating","4 out of 5 stars","-"
"76",7,"Cam Skattebo",NYG,"RB19","8","Coach Upside rating","Coach Bust rating","4 out of 5 stars","-"
"77",7,"Christian Watson",GB,"WR28","11","Coach Upside rating","Coach Bust rating","5 out of 5 stars","-"
"78",7,"Bucky Irving",TB,"RB20","10","Coach Upside rating","Coach Bust rating","2 out of 5 stars","-"
"79",7,"Rome Odunze",CHI,"WR29","10","Coach Upside rating","Coach Bust rating","3 out of 5 stars","-"
"80",7,"Quinshon Judkins",CLE,"RB21","11","Coach Upside rating","Coach Bust rating","3 out of 5 stars","-"
"81",7,"TreVeyon Henderson",NE,"RB22","11","Coach Upside rating","Coach Bust rating","2 out of 5 stars","-"
"82",7,"D'Andre Swift",CHI,"RB23","10","Coach Upside rating","Coach Bust rating","2 out of 5 stars","-"
"83",7,"Carnell Tate",TEN,"WR30","9","Coach Upside rating","Coach Bust rating","3 out of 5 stars","-"
"84",7,"David Montgomery",HOU,"RB24","8","Coach Upside rating","Coach Bust rating","4 out of 5 stars","-"
"85",8,"Marvin Harrison Jr.",ARI,"WR31","14","Coach Upside rating","Coach Bust rating","2 out of 5 stars","-"
"86",8,"Jacoby Brissett",ARI,"QB27","14","Coach Upside rating","Coach Bust rating","2 out of 5 stars","-"
"87",8,"Bhayshul Tuten",JAC,"RB25","7","Coach Upside rating","Coach Bust rating","4 out of 5 stars","-"
"88",8,"Tucker Kraft",GB,"TE5","11","Coach Upside rating","Coach Bust rating","2 out of 5 stars","-"
"89",8,"Jaylen Warren",PIT,"RB26","9","Coach Upside rating","Coach Bust rating","2 out of 5 stars","-"
"90",8,"Harold Fannin Jr.",CLE,"TE6","11","Coach Upside rating","Coach Bust rating","3 out of 5 stars","-"
"91",8,"DK Metcalf",PIT,"WR32","9","Coach Upside rating","Coach Bust rating","3 out of 5 stars","-"
"92",8,"Alec Pierce",IND,"WR33","13","Coach Upside rating","Coach Bust rating","4 out of 5 stars","-"
"93",8,"Courtland Sutton",DEN,"WR34","10","Coach Upside rating","Coach Bust rating","2 out of 5 stars","-"
"94",8,"Jadarian Price",SEA,"RB27","11","Coach Upside rating","Coach Bust rating","4 out of 5 stars","-"
"95",8,"Kyle Pitts Sr.",ATL,"TE7","11","Coach Upside rating","Coach Bust rating","3 out of 5 stars","-"
"96",8,"Brian Thomas Jr.",JAC,"WR35","7","Coach Upside rating","Coach Bust rating","4 out of 5 stars","-"
"97",8,"Chris Godwin Jr.",TB,"WR36","10","Coach Upside rating","Coach Bust rating","4 out of 5 stars","-"
"98",8,"Tony Pollard",TEN,"RB28","9","Coach Upside rating","Coach Bust rating","3 out of 5 stars","-"
"99",8,"Rhamondre Stevenson",NE,"RB29","11","Coach Upside rating","Coach Bust rating","2 out of 5 stars","-"
"100",8,"Chuba Hubbard",CAR,"RB30","5","Coach Upside rating","Coach Bust rating","1 out of 5 stars","-"
"101",8,"Michael Pittman Jr.",PIT,"WR37","9","Coach Upside rating","Coach Bust rating","3 out of 5 stars","-"
"102",8,"Jordyn Tyson",NO,"WR38","8","Coach Upside rating","Coach Bust rating","3 out of 5 stars","-"
"103",8,"Wan'Dale Robinson",TEN,"WR39","9","Coach Upside rating","Coach Bust rating","3 out of 5 stars","-"
"104",8,"Sam LaPorta",DET,"TE8","6","Coach Upside rating","Coach Bust rating","3 out of 5 stars","-"
"105",8,"Rico Dowdle",PIT,"RB31","9","Coach Upside rating","Coach Bust rating","2 out of 5 stars","-"
"106",8,"Michael Wilson",ARI,"WR40","14","Coach Upside rating–No rating available","Coach Bust rating–No rating available","2 out of 5 stars","-"
"107",8,"RJ Harvey",DEN,"RB32","10","Coach Upside rating","Coach Bust rating","2 out of 5 stars","-"
"108",8,"Parker Washington",JAC,"WR41","7","Coach Upside rating","Coach Bust rating","4 out of 5 stars","-"
"109",8,"Josh Downs",IND,"WR42","13","Coach Upside rating","Coach Bust rating","4 out of 5 stars","-"
"110",9,"Jakobi Meyers",JAC,"WR43","7","Coach Upside rating","Coach Bust rating","4 out of 5 stars","-"
"111",9,"Makai Lemon",PHI,"WR44","10","Coach Upside rating","Coach Bust rating","4 out of 5 stars","-"
"112",9,"Geno Smith",NYJ,"QB28","13","Coach Upside rating–No rating available","Coach Bust rating–No rating available","4 out of 5 stars","-"
"113",9,"Travis Kelce",KC,"TE9","5","Coach Upside rating","Coach Bust rating","4 out of 5 stars","-"
"114",9,"Ricky Pearsall",SF,"WR45","8","Coach Upside rating","Coach Bust rating","2 out of 5 stars","-"
"115",9,"Kenny Gainwell",TB,"RB33","10","Coach Upside rating","Coach Bust rating","2 out of 5 stars","-"
"116",9,"Kyle Monangai",CHI,"RB34","10","Coach Upside rating","Coach Bust rating","2 out of 5 stars","-"
"117",9,"Quentin Johnston",LAC,"WR46","7","Coach Upside rating","Coach Bust rating","2 out of 5 stars","-"
"118",9,"Jake Ferguson",DAL,"TE10","14","Coach Upside rating","Coach Bust rating","2 out of 5 stars","-"
"119",9,"J.K. Dobbins",DEN,"RB35","10","Coach Upside rating","Coach Bust rating","2 out of 5 stars","-"
"120",9,"Aaron Rodgers",PIT,"QB29","9","Coach Upside rating–No rating available","Coach Bust rating–No rating available","2 out of 5 stars","-"
"121",9,"Jordan Addison",MIN,"WR47","6","Coach Upside rating","Coach Bust rating","5 out of 5 stars","-"
"122",9,"Rachaad White",WAS,"RB36","7","Coach Upside rating","Coach Bust rating","4 out of 5 stars","-"
"123",9,"George Kittle",SF,"TE11","8","Coach Upside rating","Coach Bust rating","3 out of 5 stars","-"
"124",9,"Blake Corum",LAR,"RB37","11","Coach Upside rating","Coach Bust rating","5 out of 5 stars","-"
"125",9,"Aaron Jones Sr.",MIN,"RB38","6","Coach Upside rating","Coach Bust rating","4 out of 5 stars","-"
"126",9,"Jayden Reed",GB,"WR48","11","Coach Upside rating","Coach Bust rating","5 out of 5 stars","-"
"127",9,"Dalton Kincaid",BUF,"TE12","7","Coach Upside rating","Coach Bust rating","3 out of 5 stars","-"
"128",9,"Khalil Shakir",BUF,"WR49","7","Coach Upside rating","Coach Bust rating","4 out of 5 stars","-"
"129",9,"Isaiah Likely",NYG,"TE13","8","Coach Upside rating","Coach Bust rating","3 out of 5 stars","-"
"130",9,"Xavier Worthy",KC,"WR50","5","Coach Upside rating","Coach Bust rating","2 out of 5 stars","-"
"131",9,"Jayden Higgins",HOU,"WR51","8","Coach Upside rating","Coach Bust rating","3 out of 5 stars","-"
"132",9,"Jonathon Brooks",CAR,"RB39","5","Coach Upside rating","Coach Bust rating","1 out of 5 stars","-"
"133",9,"Dallas Goedert",PHI,"TE14","10","Coach Upside rating","Coach Bust rating","4 out of 5 stars","-"
"134",9,"Jacory Croskey-Merritt",WAS,"RB40","7","Coach Upside rating","Coach Bust rating","4 out of 5 stars","-"
"135",9,"Fernando Mendoza",LV,"QB30","13","Coach Upside rating–No rating available","Coach Bust rating–No rating available","1 out of 5 stars","-"
"136",9,"Jordan Mason",MIN,"RB41","6","Coach Upside rating","Coach Bust rating","4 out of 5 stars","-"
"137",9,"KC Concepcion",CLE,"WR52","11","Coach Upside rating","Coach Bust rating","3 out of 5 stars","-"
"138",9,"Romeo Doubs",NE,"WR53","11","Coach Upside rating","Coach Bust rating","2 out of 5 stars","-"
"139",9,"Mark Andrews",BAL,"TE15","13","Coach Upside rating","Coach Bust rating","4 out of 5 stars","-"
"140",9,"Jalen Coker",CAR,"WR54","5","Coach Upside rating","Coach Bust rating","2 out of 5 stars","-"
"141",9,"Tyrone Tracy Jr.",NYG,"RB42","8","Coach Upside rating","Coach Bust rating","4 out of 5 stars","-"
"142",10,"Matthew Golden",GB,"WR55","11","Coach Upside rating","Coach Bust rating","5 out of 5 stars","-"
"143",10,"Woody Marks",HOU,"RB43","8","Coach Upside rating","Coach Bust rating","4 out of 5 stars","-"
"144",10,"Tyler Allgeier",ARI,"RB44","14","Coach Upside rating","Coach Bust rating","2 out of 5 stars","-"
"145",10,"Zach Charbonnet",SEA,"RB45","11","Coach Upside rating","Coach Bust rating","4 out of 5 stars","-"
"146",10,"Chris Rodriguez Jr.",JAC,"RB46","7","Coach Upside rating","Coach Bust rating","4 out of 5 stars","-"
"147",10,"Tyjae Spears",TEN,"RB47","9","Coach Upside rating","Coach Bust rating","3 out of 5 stars","-"
"148",10,"Dylan Sampson",CLE,"RB48","11","Coach Upside rating","Coach Bust rating","3 out of 5 stars","-"
"149",10,"Juwan Johnson",NO,"TE16","8","Coach Upside rating","Coach Bust rating","2 out of 5 stars","-"
"150",10,"Isiah Pacheco",DET,"RB49","6","Coach Upside rating","Coach Bust rating","5 out of 5 stars","-"
"151",10,"Rashid Shaheed",SEA,"WR56","11","Coach Upside rating","Coach Bust rating","3 out of 5 stars","-"
"152",10,"Brenton Strange",JAC,"TE17","7","Coach Upside rating","Coach Bust rating","3 out of 5 stars","-"
"153",10,"Alvin Kamara",NO,"RB50","8","Coach Upside rating","Coach Bust rating","3 out of 5 stars","-"
"154",10,"Denzel Boston",CLE,"WR57","11","Coach Upside rating","Coach Bust rating","3 out of 5 stars","-"
"155",10,"Chig Okonkwo",WAS,"TE18","7","Coach Upside rating","Coach Bust rating","1 out of 5 stars","-"
"156",10,"Jerry Jeudy",CLE,"WR58","11","Coach Upside rating","Coach Bust rating","3 out of 5 stars","-"
"157",10,"Omar Cooper Jr.",NYJ,"WR59","13","Coach Upside rating","Coach Bust rating","4 out of 5 stars","-"
"158",10,"Tua Tagovailoa",ATL,"QB31","11","Coach Upside rating–No rating available","Coach Bust rating–No rating available","4 out of 5 stars","-"
"159",10,"Jauan Jennings",MIN,"WR60","6","Coach Upside rating","Coach Bust rating","5 out of 5 stars","-"
"160",10,"Hunter Henry",NE,"TE19","11","Coach Upside rating","Coach Bust rating","4 out of 5 stars","-"
"161",10,"Oronde Gadsden II",LAC,"TE20","7","Coach Upside rating","Coach Bust rating","4 out of 5 stars","-"
"162",10,"Keaton Mitchell",LAC,"RB51","7","Coach Upside rating","Coach Bust rating","3 out of 5 stars","-"
"163",10,"Jonah Coleman",DEN,"RB52","10","Coach Upside rating","Coach Bust rating","2 out of 5 stars","-"
"164",10,"Adonai Mitchell",NYJ,"WR61","13","Coach Upside rating","Coach Bust rating","4 out of 5 stars","-"
"165",10,"Tre Tucker",LV,"WR62","13","Coach Upside rating","Coach Bust rating","2 out of 5 stars","-"
"166",10,"Michael Penix Jr.",ATL,"QB32","11","Coach Upside rating–No rating available","Coach Bust rating–No rating available","4 out of 5 stars","-"
"167",10,"Jalen McMillan",TB,"WR63","10","Coach Upside rating","Coach Bust rating","4 out of 5 stars","-"
"168",10,"Tank Bigsby",PHI,"RB53","10","Coach Upside rating","Coach Bust rating","4 out of 5 stars","-"
"169",10,"Brian Robinson Jr.",ATL,"RB54","11","Coach Upside rating","Coach Bust rating","2 out of 5 stars","-"
"170",10,"Dalton Schultz",HOU,"TE21","8","Coach Upside rating","Coach Bust rating","4 out of 5 stars","-"
"171",10,"Braelon Allen",NYJ,"RB55","13","Coach Upside rating","Coach Bust rating","3 out of 5 stars","-"
"172",10,"Travis Hunter",JAC,"WR64","7","Coach Upside rating","Coach Bust rating","4 out of 5 stars","-"
"173",10,"Tre' Harris",LAC,"WR65","7","Coach Upside rating","Coach Bust rating","2 out of 5 stars","-"
"174",11,"T.J. Hockenson",MIN,"TE22","6","Coach Upside rating","Coach Bust rating","4 out of 5 stars","-"
"175",11,"Troy Franklin",DEN,"WR66","10","Coach Upside rating","Coach Bust rating","2 out of 5 stars","-"
"176",11,"Ryan Flournoy",DAL,"WR67","14","Coach Upside rating","Coach Bust rating","2 out of 5 stars","-"
"177",11,"Kayshon Boutte",NE,"WR68","11","Coach Upside rating","Coach Bust rating","2 out of 5 stars","-"
"178",11,"Stefon Diggs",FA,"WR69","-","Coach Upside rating","Coach Bust rating","-","-"
"179",11,"Jaylin Noel",HOU,"WR70","8","Coach Upside rating","Coach Bust rating","3 out of 5 stars","-"
"180",11,"James Conner",ARI,"RB56","14","Coach Upside rating","Coach Bust rating","2 out of 5 stars","-"
"181",11,"Calvin Ridley",TEN,"WR71","9","Coach Upside rating","Coach Bust rating","3 out of 5 stars","-"
"182",11,"Isaac TeSlaa",DET,"WR72","6","Coach Upside rating","Coach Bust rating","4 out of 5 stars","-"
"183",11,"Kenyon Sadiq",NYJ,"TE23","13","Coach Upside rating","Coach Bust rating","4 out of 5 stars","-"
"184",11,"Emanuel Wilson",SEA,"RB57","11","Coach Upside rating","Coach Bust rating","4 out of 5 stars","-"
"185",11,"AJ Barner",SEA,"TE24","11","Coach Upside rating","Coach Bust rating","3 out of 5 stars","-"
"186",11,"Ray Davis",BUF,"RB58","7","Coach Upside rating–No rating available","Coach Bust rating–No rating available","2 out of 5 stars","-"
"187",11,"Jalen Nailor",LV,"WR73","13","Coach Upside rating–No rating available","Coach Bust rating–No rating available","2 out of 5 stars","-"
"188",11,"Darnell Mooney",NYG,"WR74","8","Coach Upside rating","Coach Bust rating","4 out of 5 stars","-"
"189",11,"Shedeur Sanders",CLE,"QB33","11","Coach Upside rating–No rating available","Coach Bust rating–No rating available","4 out of 5 stars","-"
"190",11,"Malik Washington",MIA,"WR75","6","Coach Upside rating","Coach Bust rating","3 out of 5 stars","-"
"191",11,"Emmett Johnson",KC,"RB59","5","Coach Upside rating","Coach Bust rating","3 out of 5 stars","-"
"192",11,"Gunnar Helm",TEN,"TE25","9","Coach Upside rating","Coach Bust rating","3 out of 5 stars","-"
"193",11,"Pat Bryant",DEN,"WR76","10","Coach Upside rating–No rating available","Coach Bust rating–No rating available","2 out of 5 stars","-"
"194",11,"Dontayvion Wicks",PHI,"WR77","10","Coach Upside rating–No rating available","Coach Bust rating–No rating available","4 out of 5 stars","-"
"195",11,"Mike Washington Jr.",LV,"RB60","13","Coach Upside rating","Coach Bust rating","2 out of 5 stars","-"
"196",11,"Antonio Williams",WAS,"WR78","7","Coach Upside rating–No rating available","Coach Bust rating–No rating available","2 out of 5 stars","-"
"197",11,"Kimani Vidal",LAC,"RB61","7","Coach Upside rating–No rating available","Coach Bust rating–No rating available","3 out of 5 stars","-"
"198",11,"Deebo Samuel Sr.",FA,"WR79","-","Coach Upside rating–No rating available","Coach Bust rating–No rating available","-","-"
"199",11,"Sean Tucker",TB,"RB62","10","Coach Upside rating","Coach Bust rating","2 out of 5 stars","-"
"200",11,"Nicholas Singleton",TEN,"RB63","9","Coach Upside rating","Coach Bust rating","3 out of 5 stars","-"
"201",11,"Tank Dell",HOU,"WR80","8","Coach Upside rating","Coach Bust rating","3 out of 5 stars","-"
"202",11,"Deshaun Watson",CLE,"QB34","11","Coach Upside rating–No rating available","Coach Bust rating–No rating available","4 out of 5 stars","-"
"203",11,"Cooper Kupp",SEA,"WR81","11","Coach Upside rating–No rating available","Coach Bust rating–No rating available","3 out of 5 stars","-"
"204",11,"Chimere Dike",TEN,"WR82","9","Coach Upside rating","Coach Bust rating","3 out of 5 stars","-"
"205",11,"Kaytron Allen",WAS,"RB64","7","Coach Upside rating","Coach Bust rating","4 out of 5 stars","-"
"206",11,"Rashod Bateman",BAL,"WR83","13","Coach Upside rating–No rating available","Coach Bust rating–No rating available","4 out of 5 stars","-"
"207",11,"De'Zhaun Stribling",SF,"WR84","8","Coach Upside rating","Coach Bust rating","2 out of 5 stars","-"
"208",11,"Germie Bernard",PIT,"WR85","9","Coach Upside rating–No rating available","Coach Bust rating–No rating available","3 out of 5 stars","-"
"209",11,"Pat Freiermuth",PIT,"TE26","9","Coach Upside rating","Coach Bust rating","2 out of 5 stars","-"
"210",11,"Jaylen Wright",MIA,"RB65","6","Coach Upside rating–No rating available","Coach Bust rating–No rating available","3 out of 5 stars","-"
"211",11,"David Njoku",LAC,"TE27","7","Coach Upside rating","Coach Bust rating","4 out of 5 stars","-"
"212",11,"Kirk Cousins",LV,"QB35","13","Coach Upside rating–No rating available","Coach Bust rating–No rating available","1 out of 5 stars","-"
"213",11,"Cade Otton",TB,"TE28","10","Coach Upside rating–No rating available","Coach Bust rating–No rating available","2 out of 5 stars","-"
"214",12,"Brandon Aiyuk",SF,"WR86","8","Coach Upside rating","Coach Bust rating","2 out of 5 stars","-"
"215",12,"Zachariah Branch",ATL,"WR87","11","Coach Upside rating–No rating available","Coach Bust rating–No rating available","3 out of 5 stars","-"
"216",12,"Jack Bech",LV,"WR88","13","Coach Upside rating–No rating available","Coach Bust rating–No rating available","2 out of 5 stars","-"
"217",12,"Terrance Ferguson",LAR,"TE29","11","Coach Upside rating","Coach Bust rating","4 out of 5 stars","-"
"218",12,"Ted Hurst III",TB,"WR89","10","Coach Upside rating–No rating available","Coach Bust rating–No rating available","4 out of 5 stars","-"
"219",12,"Ollie Gordon II",MIA,"RB66","6","Coach Upside rating–No rating available","Coach Bust rating–No rating available","3 out of 5 stars","-"
"220",12,"Elic Ayomanor",TEN,"WR90","9","Coach Upside rating–No rating available","Coach Bust rating–No rating available","3 out of 5 stars","-"
"221",12,"MarShawn Lloyd",GB,"RB67","11","Coach Upside rating–No rating available","Coach Bust rating–No rating available","4 out of 5 stars","-"
"222",12,"Colby Parkinson",LAR,"TE30","11","Coach Upside rating–No rating available","Coach Bust rating–No rating available","4 out of 5 stars","-"
"223",12,"Evan Engram",DEN,"TE31","10","Coach Upside rating–No rating available","Coach Bust rating–No rating available","4 out of 5 stars","-"
"224",12,"Justice Hill",BAL,"RB68","13","Coach Upside rating–No rating available","Coach Bust rating–No rating available","3 out of 5 stars","-"
"225",12,"Keon Coleman",BUF,"WR91","7","Coach Upside rating–No rating available","Coach Bust rating–No rating available","4 out of 5 stars","-"
"226",12,"Chris Bell",MIA,"WR92","6","Coach Upside rating–No rating available","Coach Bust rating–No rating available","3 out of 5 stars","-"
"227",12,"Elijah Sarratt",BAL,"WR93","13","Coach Upside rating–No rating available","Coach Bust rating–No rating available","4 out of 5 stars","-"
"228",12,"Christian Kirk",SF,"WR94","8","Coach Upside rating–No rating available","Coach Bust rating–No rating available","2 out of 5 stars","-"
"229",12,"Ty Johnson",BUF,"RB69","7","Coach Upside rating–No rating available","Coach Bust rating–No rating available","2 out of 5 stars","-"
"230",12,"Eli Stowers",PHI,"TE32","10","Coach Upside rating–No rating available","Coach Bust rating–No rating available","4 out of 5 stars","-"
"231",12,"Tyreek Hill",FA,"WR95","-","Coach Upside rating–No rating available","Coach Bust rating–No rating available","-","-"
"232",12,"Malachi Fields",NYG,"WR96","8","Coach Upside rating–No rating available","Coach Bust rating–No rating available","4 out of 5 stars","-"
"233",12,"Tory Horton",SEA,"WR97","11","Coach Upside rating–No rating available","Coach Bust rating–No rating available","3 out of 5 stars","-"
"234",12,"DJ Giddens",IND,"RB70","13","Coach Upside rating–No rating available","Coach Bust rating–No rating available","4 out of 5 stars","-"
"235",12,"Jaydon Blue",DAL,"RB71","14","Coach Upside rating–No rating available","Coach Bust rating–No rating available","4 out of 5 stars","-"
"236",12,"Marvin Mims Jr.",DEN,"WR98","10","Coach Upside rating–No rating available","Coach Bust rating–No rating available","2 out of 5 stars","-"
"237",12,"Greg Dulcich",MIA,"TE33","6","Coach Upside rating–No rating available","Coach Bust rating–No rating available","5 out of 5 stars","-"
"238",12,"Mason Taylor",NYJ,"TE34","13","Coach Upside rating–No rating available","Coach Bust rating–No rating available","4 out of 5 stars","-"
"239",12,"Chris Brazzell II",CAR,"WR99","5","Coach Upside rating–No rating available","Coach Bust rating–No rating available","2 out of 5 stars","-"
"240",12,"Chris Brooks",GB,"RB72","11","Coach Upside rating–No rating available","Coach Bust rating–No rating available","4 out of 5 stars","-"
"241",12,"Darius Slayton",NYG,"WR100","8","Coach Upside rating–No rating available","Coach Bust rating–No rating available","4 out of 5 stars","-"
"242",12,"Theo Johnson",NYG,"TE35","8","Coach Upside rating–No rating available","Coach Bust rating–No rating available","3 out of 5 stars","-"
"243",12,"Isaiah Davis",NYJ,"RB73","13","Coach Upside rating–No rating available","Coach Bust rating–No rating available","3 out of 5 stars","-"
"244",12,"Demond Claiborne",MIN,"RB74","6","Coach Upside rating–No rating available","Coach Bust rating–No rating available","4 out of 5 stars","-"
"245",12,"Xavier Legette",CAR,"WR101","5","Coach Upside rating–No rating available","Coach Bust rating–No rating available","2 out of 5 stars","-"
"246",12,"Samaje Perine",CIN,"RB75","6","Coach Upside rating–No rating available","Coach Bust rating–No rating available","2 out of 5 stars","-"
"247",12,"Jordan James",SF,"RB76","8","Coach Upside rating–No rating available","Coach Bust rating–No rating available","2 out of 5 stars","-"
"248",12,"Seth McGowan",IND,"RB77","13","Coach Upside rating–No rating available","Coach Bust rating–No rating available","4 out of 5 stars","-"
"249",12,"Devin Neal",NO,"RB78","8","Coach Upside rating–No rating available","Coach Bust rating–No rating available","3 out of 5 stars","-"
"250",12,"Trey Benson",ARI,"RB79","14","Coach Upside rating–No rating available","Coach Bust rating–No rating available","2 out of 5 stars","-"
"251",12,"Kaleb Johnson",PIT,"RB80","9","Coach Upside rating–No rating available","Coach Bust rating–No rating available","2 out of 5 stars","-"
"252",12,"Tyquan Thornton",KC,"WR102","5","Coach Upside rating–No rating available","Coach Bust rating–No rating available","2 out of 5 stars","-"
"253",12,"LeQuint Allen Jr.",JAC,"RB81","7","Coach Upside rating–No rating available","Coach Bust rating–No rating available","4 out of 5 stars","-"
"254",12,"George Holani",SEA,"RB82","11","Coach Upside rating–No rating available","Coach Bust rating–No rating available","4 out of 5 stars","-"
"255",12,"Malik Davis",DAL,"RB83","14","Coach Upside rating–No rating available","Coach Bust rating–No rating available","4 out of 5 stars","-"
"256",12,"Devaughn Vele",NO,"WR103","8","Coach Upside rating–No rating available","Coach Bust rating–No rating available","3 out of 5 stars","-"
"257",12,"Kyle Williams",NE,"WR104","11","Coach Upside rating–No rating available","Coach Bust rating–No rating available","2 out of 5 stars","-"
"258",12,"Oscar Delp",NO,"TE36","8","Coach Upside rating–No rating available","Coach Bust rating–No rating available","2 out of 5 stars","-"
"259",12,"Mack Hollins",NE,"WR105","11","Coach Upside rating–No rating available","Coach Bust rating–No rating available","2 out of 5 stars","-"
"260",12,"Keenan Allen",LAC,"WR106","7","Coach Upside rating–No rating available","Coach Bust rating–No rating available","2 out of 5 stars","-"
"261",12,"Brashard Smith",KC,"RB84","5","Coach Upside rating–No rating available","Coach Bust rating–No rating available","3 out of 5 stars","-"
"262",12,"Hollywood Brown",PHI,"WR107","10","Coach Upside rating–No rating available","Coach Bust rating–No rating available","4 out of 5 stars","-"
"263",12,"Mike Gesicki",CIN,"TE37","6","Coach Upside rating–No rating available","Coach Bust rating–No rating available","3 out of 5 stars","-"
"264",12,"Emari Demercado",KC,"RB85","5","Coach Upside rating–No rating available","Coach Bust rating–No rating available","3 out of 5 stars","-"
"265",12,"Kaelon Black",SF,"RB86","8","Coach Upside rating–No rating available","Coach Bust rating–No rating available","2 out of 5 stars","-"
"266",12,"Jerome Ford",WAS,"RB87","7","Coach Upside rating–No rating available","Coach Bust rating–No rating available","4 out of 5 stars","-"
"267",13,"Kendre Miller",NO,"RB88","8","Coach Upside rating–No rating available","Coach Bust rating–No rating available","3 out of 5 stars","-"
"268",13,"Devin Singletary",NYG,"RB89","8","Coach Upside rating–No rating available","Coach Bust rating–No rating available","4 out of 5 stars","-"
"269",13,"Jaleel McLaughlin",DEN,"RB90","10","Coach Upside rating–No rating available","Coach Bust rating–No rating available","2 out of 5 stars","-"
"270",13,"Isaiah Bond",CLE,"WR108","11","Coach Upside rating–No rating available","Coach Bust rating–No rating available","3 out of 5 stars","-"
"271",13,"Skyler Bell",BUF,"WR109","7","Coach Upside rating–No rating available","Coach Bust rating–No rating available","4 out of 5 stars","-"
"272",13,"Adam Randall",BAL,"RB91","13","Coach Upside rating–No rating available","Coach Bust rating–No rating available","3 out of 5 stars","-"
"273",13,"Najee Harris",LAC,"RB92","7","Coach Upside rating–No rating available","Coach Bust rating–No rating available","3 out of 5 stars","-"
"274",13,"Ja'Kobi Lane",BAL,"WR110","13","Coach Upside rating–No rating available","Coach Bust rating–No rating available","4 out of 5 stars","-"
"275",13,"Trevor Etienne",CAR,"RB93","5","Coach Upside rating–No rating available","Coach Bust rating–No rating available","1 out of 5 stars","-"
"276",13,"Isaac Guerendo",SF,"RB94","8","Coach Upside rating–No rating available","Coach Bust rating–No rating available","2 out of 5 stars","-"
"277",13,"Tahj Brooks",CIN,"RB95","6","Coach Upside rating–No rating available","Coach Bust rating–No rating available","2 out of 5 stars","-"
"278",13,"Jake Tonges",SF,"TE38","8","Coach Upside rating–No rating available","Coach Bust rating–No rating available","3 out of 5 stars","-"
"279",13,"Andrei Iosivas",CIN,"WR111","6","Coach Upside rating–No rating available","Coach Bust rating–No rating available","4 out of 5 stars","-"
"280",13,"Jarquez Hunter",LAR,"RB96","11","Coach Upside rating–No rating available","Coach Bust rating–No rating available","5 out of 5 stars","-"
"281",13,"Joe Mixon",FA,"RB97","-","Coach Upside rating–No rating available","Coach Bust rating–No rating available","-","-"
"282",13,"Audric Estime",NO,"RB98","8","Coach Upside rating–No rating available","Coach Bust rating–No rating available","3 out of 5 stars","-"
"283",13,"Darnell Washington",PIT,"TE39","9","Coach Upside rating–No rating available","Coach Bust rating–No rating available","2 out of 5 stars","-"
"284",13,"Will Shipley",PHI,"RB99","10","Coach Upside rating–No rating available","Coach Bust rating–No rating available","4 out of 5 stars","-"
"285",13,"Cedric Tillman",CLE,"WR112","11","Coach Upside rating–No rating available","Coach Bust rating–No rating available","3 out of 5 stars","-"
"286",13,"Konata Mumpfield",LAR,"WR113","11","Coach Upside rating–No rating available","Coach Bust rating–No rating available","1 out of 5 stars","-"
"287",13,"Jalen Royals",KC,"WR114","5","Coach Upside rating–No rating available","Coach Bust rating–No rating available","2 out of 5 stars","-"
"288",13,"Tez Johnson",TB,"WR115","10","Coach Upside rating–No rating available","Coach Bust rating–No rating available","4 out of 5 stars","-"
"289",13,"J.J. McCarthy",MIN,"QB36","6","Coach Upside rating–No rating available","Coach Bust rating–No rating available","5 out of 5 stars","-"
"290",13,"Luke McCaffrey",WAS,"WR116","7","Coach Upside rating–No rating available","Coach Bust rating–No rating available","2 out of 5 stars","-"
"291",13,"Kareem Hunt",FA,"RB100","-","Coach Upside rating–No rating available","Coach Bust rating–No rating available","-","-"
"292",13,"Max Klare",LAR,"TE40","11","Coach Upside rating–No rating available","Coach Bust rating–No rating available","4 out of 5 stars","-"
"293",13,"Calvin Austin III",NYG,"WR117","8","Coach Upside rating–No rating available","Coach Bust rating–No rating available","4 out of 5 stars","-"
"294",13,"Jahan Dotson",ATL,"WR118","11","Coach Upside rating–No rating available","Coach Bust rating–No rating available","3 out of 5 stars","-"
"295",13,"Caleb Douglas",MIA,"WR119","6","Coach Upside rating–No rating available","Coach Bust rating–No rating available","3 out of 5 stars","-"
"296",13,"Joshua Palmer",BUF,"WR120","7","Coach Upside rating–No rating available","Coach Bust rating–No rating available","4 out of 5 stars","-"
"297",13,"Jalen Tolbert",MIA,"WR121","6","Coach Upside rating–No rating available","Coach Bust rating–No rating available","3 out of 5 stars","-"
"298",13,"Olamide Zaccheaus",ATL,"WR122","11","Coach Upside rating–No rating available","Coach Bust rating–No rating available","3 out of 5 stars","-"
"299",13,"Michael Mayer",LV,"TE41","13","Coach Upside rating–No rating available","Coach Bust rating–No rating available","3 out of 5 stars","-"
"300",13,"Tyler Higbee",LAR,"TE42","11","Coach Upside rating–No rating available","Coach Bust rating–No rating available","4 out of 5 stars","-"
"301",13,"Elijah Arroyo",SEA,"TE43","11","Coach Upside rating–No rating available","Coach Bust rating–No rating available","3 out of 5 stars","-"
"302",14,"DeMario Douglas",NE,"WR123","11","Coach Upside rating–No rating available","Coach Bust rating–No rating available","2 out of 5 stars","-"
"303",14,"Eli Heidenreich",PIT,"RB101","9","Coach Upside rating–No rating available","Coach Bust rating–No rating available","2 out of 5 stars","-"
"304",14,"Noah Gray",KC,"TE44","5","Coach Upside rating–No rating available","Coach Bust rating–No rating available","4 out of 5 stars","-"
"305",14,"Bam Knight",ARI,"RB102","14","Coach Upside rating–No rating available","Coach Bust rating–No rating available","2 out of 5 stars","-"
"306",14,"Ja'Tavion Sanders",CAR,"TE45","5","Coach Upside rating–No rating available","Coach Bust rating–No rating available","2 out of 5 stars","-"
"307",14,"Kendrick Bourne",ARI,"WR124","14","Coach Upside rating–No rating available","Coach Bust rating–No rating available","2 out of 5 stars","-"
"308",14,"Cole Kmet",CHI,"TE46","10","Coach Upside rating–No rating available","Coach Bust rating–No rating available","2 out of 5 stars","-"
"309",14,"Bryce Lance",NO,"WR125","8","Coach Upside rating–No rating available","Coach Bust rating–No rating available","3 out of 5 stars","-"
"310",14,"Brenen Thompson",LAC,"WR126","7","Coach Upside rating–No rating available","Coach Bust rating–No rating available","2 out of 5 stars","-"
"311",14,"Dawson Knox",BUF,"TE47","7","Coach Upside rating–No rating available","Coach Bust rating–No rating available","3 out of 5 stars","-"
"312",14,"Dont'e Thornton Jr.",LV,"WR127","13","Coach Upside rating–No rating available","Coach Bust rating–No rating available","2 out of 5 stars","-"
"313",14,"Xavier Hutchinson",HOU,"WR128","8","Coach Upside rating–No rating available","Coach Bust rating–No rating available","3 out of 5 stars","-"
"314",14,"J'Mari Taylor",JAC,"RB103","7","Coach Upside rating–No rating available","Coach Bust rating–No rating available","4 out of 5 stars","-"
"315",14,"Treylon Burks",WAS,"WR129","7","Coach Upside rating–No rating available","Coach Bust rating–No rating available","2 out of 5 stars","-"
"316",14,"Jaylin Lane",WAS,"WR130","7","Coach Upside rating–No rating available","Coach Bust rating–No rating available","2 out of 5 stars","-"
"317",14,"Kalif Raymond",CHI,"WR131","10","Coach Upside rating–No rating available","Coach Bust rating–No rating available","3 out of 5 stars","-"
"318",14,"Tutu Atwell",MIA,"WR132","6","Coach Upside rating–No rating available","Coach Bust rating–No rating available","3 out of 5 stars","-"
"319",14,"Nick Westbrook-Ikhine",IND,"WR133","13","Coach Upside rating–No rating available","Coach Bust rating–No rating available","4 out of 5 stars","-"
"320",14,"Mac Jones",SF,"QB37","8","Coach Upside rating–No rating available","Coach Bust rating–No rating available","1 out of 5 stars","-"
"321",14,"Savion Williams",GB,"WR134","11","Coach Upside rating–No rating available","Coach Bust rating–No rating available","5 out of 5 stars","-"
"322",14,"Jawhar Jordan",HOU,"RB104","8","Coach Upside rating–No rating available","Coach Bust rating–No rating available","4 out of 5 stars","-"
"323",14,"Nick Chubb",FA,"RB105","-","Coach Upside rating–No rating available","Coach Bust rating–No rating available","-","-"
"324",14,"KaVontae Turpin",DAL,"WR135","14","Coach Upside rating–No rating available","Coach Bust rating–No rating available","2 out of 5 stars","-"
"325",14,"John Metchie III",CAR,"WR136","5","Coach Upside rating–No rating available","Coach Bust rating–No rating available","2 out of 5 stars","-"
"326",14,"Michael Carter",TEN,"RB106","9","Coach Upside rating–No rating available","Coach Bust rating–No rating available","3 out of 5 stars","-"
"327",14,"Justin Joly",DEN,"TE48","10","Coach Upside rating–No rating available","Coach Bust rating–No rating available","4 out of 5 stars","-"
"328",14,"Eli Raridon",NE,"TE49","11","Coach Upside rating–No rating available","Coach Bust rating–No rating available","4 out of 5 stars","-"
"329",14,"Noah Fant",NO,"TE50","8","Coach Upside rating–No rating available","Coach Bust rating–No rating available","2 out of 5 stars","-"
"330",14,"Justin Fields",KC,"QB38","5","Coach Upside rating–No rating available","Coach Bust rating–No rating available","2 out of 5 stars","-"
"331",14,"Raheim Sanders",CLE,"RB107","11","Coach Upside rating–No rating available","Coach Bust rating–No rating available","3 out of 5 stars","-"
"332",14,"Kevin Coleman Jr.",MIA,"WR137","6","Coach Upside rating–No rating available","Coach Bust rating–No rating available","3 out of 5 stars","-"
"333",14,"Ty Simpson",LAR,"QB39","11","Coach Upside rating–No rating available","Coach Bust rating–No rating available","3 out of 5 stars","-"
"334",14,"Kyle Juszczyk",SF,"RB108","8","Coach Upside rating–No rating available","Coach Bust rating–No rating available","2 out of 5 stars","-"
"335",14,"Carson Beck",ARI,"QB40","14","Coach Upside rating–No rating available","Coach Bust rating–No rating available","2 out of 5 stars","-"
"336",14,"Erick All Jr.",CIN,"TE51","6","Coach Upside rating–No rating available","Coach Bust rating–No rating available","3 out of 5 stars","-"
"337",14,"Zavion Thomas",CHI,"WR138","10","Coach Upside rating–No rating available","Coach Bust rating–No rating available","3 out of 5 stars","-"
"338",14,"Devontez Walker",BAL,"WR139","13","Coach Upside rating–No rating available","Coach Bust rating–No rating available","4 out of 5 stars","-"
"339",14,"Anthony Richardson Sr.",IND,"QB41","13","Coach Upside rating–No rating available","Coach Bust rating–No rating available","4 out of 5 stars","-"
"340",14,"Luke Musgrave",GB,"TE52","11","Coach Upside rating–No rating available","Coach Bust rating–No rating available","2 out of 5 stars","-"
"341",14,"Tommy Tremble",CAR,"TE53","5","Coach Upside rating–No rating available","Coach Bust rating–No rating available","2 out of 5 stars","-"
"342",14,"Phil Mafah",DAL,"RB109","14","Coach Upside rating–No rating available","Coach Bust rating–No rating available","4 out of 5 stars","-"
"343",14,"Dyami Brown",WAS,"WR140","7","Coach Upside rating–No rating available","Coach Bust rating–No rating available","2 out of 5 stars","-"
"344",14,"John Bates",WAS,"TE54","7","Coach Upside rating–No rating available","Coach Bust rating–No rating available","1 out of 5 stars","-"
"345",14,"Cyrus Allen",KC,"WR141","5","Coach Upside rating–No rating available","Coach Bust rating–No rating available","2 out of 5 stars","-"
"346",14,"Jordan Whittington",LAR,"WR142","11","Coach Upside rating–No rating available","Coach Bust rating–No rating available","1 out of 5 stars","-"
"347",14,"Jeremy McNichols",WAS,"RB110","7","Coach Upside rating–No rating available","Coach Bust rating–No rating available","4 out of 5 stars","-"
"348",14,"Joe Milton III",DAL,"QB42","14","Coach Upside rating–No rating available","Coach Bust rating–No rating available","2 out of 5 stars","-"
"349",14,"Greg Dortch",DET,"WR143","6","Coach Upside rating–No rating available","Coach Bust rating–No rating available","4 out of 5 stars","-"
"350",14,"Tommy Myers",FA,"TE55","-","Coach Upside rating–No rating available","Coach Bust rating–No rating available","-","-"
"351",14,"Ben Sinnott",WAS,"TE56","7","Coach Upside rating–No rating available","Coach Bust rating–No rating available","1 out of 5 stars","-"
"352",14,"Dameon Pierce",PHI,"RB111","10","Coach Upside rating–No rating available","Coach Bust rating–No rating available","4 out of 5 stars","-"
"353",14,"Daniel Bellinger",TEN,"TE57","9","Coach Upside rating–No rating available","Coach Bust rating–No rating available","3 out of 5 stars","-"
"354",15,"Austin Ekeler",FA,"RB112","-","Coach Upside rating–No rating available","Coach Bust rating–No rating available","-","-"
"355",15,"Ashton Dulin",IND,"WR144","13","Coach Upside rating–No rating available","Coach Bust rating–No rating available","4 out of 5 stars","-"
"356",15,"Rasheen Ali",BAL,"RB113","13","Coach Upside rating–No rating available","Coach Bust rating–No rating available","3 out of 5 stars","-"
"357",15,"Deion Burks",IND,"WR145","13","Coach Upside rating–No rating available","Coach Bust rating–No rating available","4 out of 5 stars","-"
"358",15,"Jam Miller",NE,"RB114","11","Coach Upside rating–No rating available","Coach Bust rating–No rating available","2 out of 5 stars","-"
"359",15,"CJ Daniels",LAR,"WR146","11","Coach Upside rating–No rating available","Coach Bust rating–No rating available","1 out of 5 stars","-"
"360",15,"Austin Hooper",ATL,"TE58","11","Coach Upside rating–No rating available","Coach Bust rating–No rating available","3 out of 5 stars","-"
"361",15,"Zavier Scott",MIN,"RB115","6","Coach Upside rating–No rating available","Coach Bust rating–No rating available","4 out of 5 stars","-"
"362",15,"Odell Beckham Jr.",NYG,"WR147","8","Coach Upside rating–No rating available","Coach Bust rating–No rating available","4 out of 5 stars","-"
"363",15,"Roschon Johnson",CHI,"RB116","10","Coach Upside rating–No rating available","Coach Bust rating–No rating available","2 out of 5 stars","-"
"364",15,"Dylan Laube",LV,"RB117","13","Coach Upside rating–No rating available","Coach Bust rating–No rating available","2 out of 5 stars","-"
"365",15,"Elijah Higgins",ARI,"TE59","14","Coach Upside rating–No rating available","Coach Bust rating–No rating available","2 out of 5 stars","-"
"366",15,"Jameis Winston",NYG,"QB43","8","Coach Upside rating–No rating available","Coach Bust rating–No rating available","4 out of 5 stars","-"
"367",15,"Malik Benson",LV,"WR148","13","Coach Upside rating–No rating available","Coach Bust rating–No rating available","2 out of 5 stars","-"
"368",15,"Joe Flacco",CIN,"QB44","6","Coach Upside rating–No rating available","Coach Bust rating–No rating available","3 out of 5 stars","-"
"369",15,"Damien Martinez",GB,"RB118","11","Coach Upside rating–No rating available","Coach Bust rating–No rating available","4 out of 5 stars","-"
"370",15,"Josh Oliver",MIN,"TE60","6","Coach Upside rating–No rating available","Coach Bust rating–No rating available","4 out of 5 stars","-"
"371",15,"Terrell Jennings",NE,"RB119","11","Coach Upside rating–No rating available","Coach Bust rating–No rating available","2 out of 5 stars","-"
"372",15,"Jahdae Walker",CHI,"WR149","10","Coach Upside rating–No rating available","Coach Bust rating–No rating available","3 out of 5 stars","-"
"373",15,"Marlin Klein",HOU,"TE61","8","Coach Upside rating–No rating available","Coach Bust rating–No rating available","4 out of 5 stars","-"
"374",15,"Antonio Gibson",FA,"RB120","-","Coach Upside rating–No rating available","Coach Bust rating–No rating available","-","-"
"375",15,"Marquez Valdes-Scantling",DAL,"WR150","14","Coach Upside rating–No rating available","Coach Bust rating–No rating available","2 out of 5 stars","-"
"376",15,"Charlie Kolar",LAC,"TE62","7","Coach Upside rating–No rating available","Coach Bust rating–No rating available","4 out of 5 stars","-"
"377",15,"Tim Patrick",NYJ,"WR151","13","Coach Upside rating–No rating available","Coach Bust rating–No rating available","4 out of 5 stars","-"
"378",15,"Hunter Luepke",DAL,"RB121","14","Coach Upside rating–No rating available","Coach Bust rating–No rating available","4 out of 5 stars","-"
"379",15,"Darren Waller",FA,"TE63","-","Coach Upside rating–No rating available","Coach Bust rating–No rating available","-","-"
"380",15,"Colbie Young",CIN,"WR152","6","Coach Upside rating–No rating available","Coach Bust rating–No rating available","4 out of 5 stars","-"
"381",15,"Marcus Mariota",WAS,"QB45","7","Coach Upside rating–No rating available","Coach Bust rating–No rating available","2 out of 5 stars","-"
"382",15,"Zach Ertz",FA,"TE64","-","Coach Upside rating–No rating available","Coach Bust rating–No rating available","-","-"
"383",15,"Riley Leonard",IND,"QB46","13","Coach Upside rating–No rating available","Coach Bust rating–No rating available","4 out of 5 stars","-"
"384",15,"Luke Schoonmaker",DAL,"TE65","14","Coach Upside rating–No rating available","Coach Bust rating–No rating available","2 out of 5 stars","-"
"385",15,"Elijah Moore",PHI,"WR153","10","Coach Upside rating–No rating available","Coach Bust rating–No rating available","4 out of 5 stars","-"
"386",15,"Tyler Conklin",DET,"TE66","6","Coach Upside rating–No rating available","Coach Bust rating–No rating available","3 out of 5 stars","-"
"387",15,"Demarcus Robinson",SF,"WR154","8","Coach Upside rating–No rating available","Coach Bust rating–No rating available","2 out of 5 stars","-"
"388",15,"Sione Vaki",DET,"RB122","6","Coach Upside rating–No rating available","Coach Bust rating–No rating available","5 out of 5 stars","-"
"389",15,"Jaret Patterson",LAC,"RB123","7","Coach Upside rating–No rating available","Coach Bust rating–No rating available","3 out of 5 stars","-"
"390",15,"Brandin Cooks",FA,"WR155","-","Coach Upside rating–No rating available","Coach Bust rating–No rating available","-","-"
"391",15,"Nate Boerkircher",JAC,"TE67","7","Coach Upside rating–No rating available","Coach Bust rating–No rating available","3 out of 5 stars","-"
"392",15,"Tai Felton",MIN,"WR156","6","Coach Upside rating–No rating available","Coach Bust rating–No rating available","5 out of 5 stars","-"
"393",15,"Alec Ingold",LAC,"RB124","7","Coach Upside rating–No rating available","Coach Bust rating–No rating available","3 out of 5 stars","-"
"394",15,"Xavier Smith",LAR,"WR157","11","Coach Upside rating–No rating available","Coach Bust rating–No rating available","1 out of 5 stars","-"
"395",15,"Mitch Tinsley",CIN,"WR158","6","Coach Upside rating–No rating available","Coach Bust rating–No rating available","4 out of 5 stars","-"
"396",15,"Drew Sample",CIN,"TE68","6","Coach Upside rating–No rating available","Coach Bust rating–No rating available","3 out of 5 stars","-"
"397",15,"Patrick Ricard",NYG,"RB125","8","Coach Upside rating–No rating available","Coach Bust rating–No rating available","4 out of 5 stars","-"
"398",15,"Jonnu Smith",FA,"TE69","-","Coach Upside rating–No rating available","Coach Bust rating–No rating available","-","-"
"399",15,"Sam Roush",CHI,"TE70","10","Coach Upside rating–No rating available","Coach Bust rating–No rating available","2 out of 5 stars","-"
"400",15,"Mitchell Evans",CAR,"TE71","5","Coach Upside rating–No rating available","Coach Bust rating–No rating available","2 out of 5 stars","-"
"401",15,"Reggie Virgil",ARI,"WR159","14","Coach Upside rating–No rating available","Coach Bust rating–No rating available","2 out of 5 stars","-"
"402",15,"Isaiah Williams",NYJ,"WR160","13","Coach Upside rating–No rating available","Coach Bust rating–No rating available","4 out of 5 stars","-"
"403",15,"Adam Trautman",DEN,"TE72","10","Coach Upside rating–No rating available","Coach Bust rating–No rating available","4 out of 5 stars","-"
"404",15,"Durham Smythe",BAL,"TE73","13","Coach Upside rating–No rating available","Coach Bust rating–No rating available","4 out of 5 stars","-"
"405",15,"Roman Wilson",PIT,"WR161","9","Coach Upside rating–No rating available","Coach Bust rating–No rating available","3 out of 5 stars","-"
"406",15,"Van Jefferson",WAS,"WR162","7","Coach Upside rating–No rating available","Coach Bust rating–No rating available","2 out of 5 stars","-"
"407",15,"AJ Dillon",CAR,"RB126","5","Coach Upside rating–No rating available","Coach Bust rating–No rating available","1 out of 5 stars","-"
"408",15,"Tyler Lockett",LV,"WR163","13","Coach Upside rating–No rating available","Coach Bust rating–No rating available","2 out of 5 stars","-"
"409",15,"Ronnie Rivers",LAR,"RB127","11","Coach Upside rating–No rating available","Coach Bust rating–No rating available","5 out of 5 stars","-"
"410",15,"Diontae Johnson",FA,"WR164","-","Coach Upside rating–No rating available","Coach Bust rating–No rating available","-","-"
"411",15,"Cash Jones",ATL,"RB128","11","Coach Upside rating–No rating available","Coach Bust rating–No rating available","2 out of 5 stars","-"
"412",15,"Scotty Miller",CHI,"WR165","10","Coach Upside rating–No rating available","Coach Bust rating–No rating available","3 out of 5 stars","-"
"413",15,"Mecole Hardman Jr.",BUF,"WR166","7","Coach Upside rating–No rating available","Coach Bust rating–No rating available","4 out of 5 stars","-"
"414",15,"Jabari Small",DET,"RB129","6","Coach Upside rating–No rating available","Coach Bust rating–No rating available","5 out of 5 stars","-"
"415",15,"Myles Montgomery",NE,"RB130","11","Coach Upside rating–No rating available","Coach Bust rating–No rating available","2 out of 5 stars","-"
"416",15,"Jermaine Burton",FA,"WR167","-","Coach Upside rating–No rating available","Coach Bust rating–No rating available","-","-"
"417",15,"Lil'Jordan Humphrey",DEN,"WR168","10","Coach Upside rating–No rating available","Coach Bust rating–No rating available","2 out of 5 stars","-"
"418",15,"Graig Cooper",FA,"RB131","-","Coach Upside rating–No rating available","Coach Bust rating–No rating available","-","-"
"419",15,"Kendrick Law",DET,"WR169","6","Coach Upside rating–No rating available","Coach Bust rating–No rating available","4 out of 5 stars","-"
"420",15,"Max Bredeson",MIN,"RB132","6","Coach Upside rating–No rating available","Coach Bust rating–No rating available","4 out of 5 stars","-"
"421",15,"Frank Gore Jr.",BUF,"RB133","7","Coach Upside rating–No rating available","Coach Bust rating–No rating available","2 out of 5 stars","-"
"422",15,"Khalil Herbert",FA,"RB134","-","Coach Upside rating–No rating available","Coach Bust rating–No rating available","-","-"
"423",15,"Reggie Gilliam",NE,"RB135","11","Coach Upside rating–No rating available","Coach Bust rating–No rating available","2 out of 5 stars","-"
"424",15,"Miles Sanders",FA,"RB136","-","Coach Upside rating–No rating available","Coach Bust rating–No rating available","-","-"
"425",15,"Ty Chandler",NO,"RB137","8","Coach Upside rating–No rating available","Coach Bust rating–No rating available","3 out of 5 stars","-"
"426",15,"Adam Prentice",DEN,"RB138","10","Coach Upside rating–No rating available","Coach Bust rating–No rating available","2 out of 5 stars","-"
"427",15,"Raheem Mostert",LV,"RB139","13","Coach Upside rating–No rating available","Coach Bust rating–No rating available","2 out of 5 stars","-"
"428",15,"DeAndre Hopkins",BAL,"WR170","13","Coach Upside rating–No rating available","Coach Bust rating–No rating available","4 out of 5 stars","-"
"429",15,"Jake Bobo",SEA,"WR171","11","Coach Upside rating–No rating available","Coach Bust rating–No rating available","3 out of 5 stars","-"
"430",15,"Nathan Carter",ATL,"RB140","11","Coach Upside rating–No rating available","Coach Bust rating–No rating available","2 out of 5 stars","-"
"431",15,"Pierre Strong Jr.",GB,"RB141","11","Coach Upside rating–No rating available","Coach Bust rating–No rating available","4 out of 5 stars","-"
"432",16,"Sterling Shepard",FA,"WR172","-","Coach Upside rating–No rating available","Coach Bust rating–No rating available","-","-"
"433",16,"Jacob Saylors",DET,"RB142","6","Coach Upside rating–No rating available","Coach Bust rating–No rating available","5 out of 5 stars","-"
"434",16,"Isaiah Williams",FA,"WR173","-","Coach Upside rating–No rating available","Coach Bust rating–No rating available","-","-"
"435",16,"Ja'Lynn Polk",NO,"WR174","8","Coach Upside rating–No rating available","Coach Bust rating–No rating available","3 out of 5 stars","-"
"436",16,"Miles Davis",CAR,"RB143","5","Coach Upside rating–No rating available","Coach Bust rating–No rating available","1 out of 5 stars","-"
"437",16,"Alexander Mattison",FA,"RB144","-","Coach Upside rating–No rating available","Coach Bust rating–No rating available","-","-"
"438",16,"Kye Robichaux",DET,"RB145","6","Coach Upside rating–No rating available","Coach Bust rating–No rating available","5 out of 5 stars","-"
"439",16,"Robert Henry Jr.",WAS,"RB146","7","Coach Upside rating–No rating available","Coach Bust rating–No rating available","4 out of 5 stars","-"
"440",16,"Kalel Mullings",TEN,"RB147","9","Coach Upside rating–No rating available","Coach Bust rating–No rating available","3 out of 5 stars","-"
"441",16,"Noah Whittington",HOU,"RB148","8","Coach Upside rating–No rating available","Coach Bust rating–No rating available","4 out of 5 stars","-"
"442",16,"Dontae McMillan",BAL,"RB149","13","Coach Upside rating–No rating available","Coach Bust rating–No rating available","3 out of 5 stars","-"
"443",16,"Barion Brown",NO,"WR175","8","Coach Upside rating–No rating available","Coach Bust rating–No rating available","3 out of 5 stars","-"
"444",16,"Xavier Restrepo",TEN,"WR176","9","Coach Upside rating–No rating available","Coach Bust rating–No rating available","3 out of 5 stars","-"
"445",16,"Devonte Boyd",FA,"WR177","-","Coach Upside rating–No rating available","Coach Bust rating–No rating available","-","-"
"446",16,"Elijah Tau-Tolliver",BAL,"RB150","13","Coach Upside rating–No rating available","Coach Bust rating–No rating available","3 out of 5 stars","-"
"447",16,"Donovan Edwards",MIA,"RB151","6","Coach Upside rating–No rating available","Coach Bust rating–No rating available","3 out of 5 stars","-"
"448",16,"Myles Price",MIN,"WR178","6","Coach Upside rating–No rating available","Coach Bust rating–No rating available","5 out of 5 stars","-"
"449",16,"Tyler Goodson",ATL,"RB152","11","Coach Upside rating–No rating available","Coach Bust rating–No rating available","2 out of 5 stars","-"
"450",16,"Michael Woods II",FA,"WR179","-","Coach Upside rating–No rating available","Coach Bust rating–No rating available","-","-"
"451",16,"Kevin Austin Jr.",NO,"WR180","8","Coach Upside rating–No rating available","Coach Bust rating–No rating available","3 out of 5 stars","-"
"452",16,"Montorie Foster Jr.",SEA,"WR181","11","Coach Upside rating–No rating available","Coach Bust rating–No rating available","3 out of 5 stars","-"
"453",16,"Jared Wiley",KC,"TE74","5","Coach Upside rating–No rating available","Coach Bust rating–No rating available","4 out of 5 stars","-"
"454",16,"Nate Adkins",DEN,"TE75","10","Coach Upside rating–No rating available","Coach Bust rating–No rating available","4 out of 5 stars","-"
"455",16,"Jordan Waters",LAR,"RB153","11","Coach Upside rating–No rating available","Coach Bust rating–No rating available","5 out of 5 stars","-"
"456",16,"Moliki Matavao",NO,"TE76","8","Coach Upside rating–No rating available","Coach Bust rating–No rating available","2 out of 5 stars","-"
"457",16,"Michael Briscoe",MIN,"WR182","6","Coach Upside rating–No rating available","Coach Bust rating–No rating available","5 out of 5 stars","-"
"458",16,"Cedrick Wilson Jr.",DET,"WR183","6","Coach Upside rating–No rating available","Coach Bust rating–No rating available","4 out of 5 stars","-"
"459",16,"Ray-Ray McCloud III",FA,"WR184","-","Coach Upside rating–No rating available","Coach Bust rating–No rating available","-","-"
"460",16,"Michael Bandy",DEN,"WR185","10","Coach Upside rating–No rating available","Coach Bust rating–No rating available","2 out of 5 stars","-"
"461",16,"Jordan Watkins",SF,"WR186","8","Coach Upside rating–No rating available","Coach Bust rating–No rating available","2 out of 5 stars","-"
"462",16,"Anthony Gould",IND,"WR187","13","Coach Upside rating–No rating available","Coach Bust rating–No rating available","4 out of 5 stars","-"
"463",16,"Michael Trigg",DAL,"TE77","14","Coach Upside rating–No rating available","Coach Bust rating–No rating available","2 out of 5 stars","-"
"464",16,"Gabe Davis",FA,"WR188","-","Coach Upside rating–No rating available","Coach Bust rating–No rating available","-","-"
"465",16,"David Sills V",TB,"WR189","10","Coach Upside rating–No rating available","Coach Bust rating–No rating available","4 out of 5 stars","-"
"466",16,"Tanner Hudson",CIN,"TE78","6","Coach Upside rating–No rating available","Coach Bust rating–No rating available","3 out of 5 stars","-"
"467",16,"Tyler Badie",DEN,"RB154","10","Coach Upside rating–No rating available","Coach Bust rating–No rating available","2 out of 5 stars","-"
"468",16,"Taysom Hill",FA,"TE79","-","Coach Upside rating–No rating available","Coach Bust rating–No rating available","-","-"
"469",16,"Will Kacmarek",MIA,"TE80","6","Coach Upside rating–No rating available","Coach Bust rating–No rating available","5 out of 5 stars","-"
"470",16,"Jack Endries",CIN,"TE81","6","Coach Upside rating–No rating available","Coach Bust rating–No rating available","3 out of 5 stars","-"
"471",16,"Miles Kitselman",DET,"TE82","6","Coach Upside rating–No rating available","Coach Bust rating–No rating available","3 out of 5 stars","-"
"472",16,"Skyy Moore",GB,"WR190","11","Coach Upside rating–No rating available","Coach Bust rating–No rating available","5 out of 5 stars","-"
"473",16,"Mo Alie-Cox",IND,"TE83","13","Coach Upside rating–No rating available","Coach Bust rating–No rating available","3 out of 5 stars","-"
"474",16,"Michael Burton",CLE,"RB155","11","Coach Upside rating–No rating available","Coach Bust rating–No rating available","3 out of 5 stars","-"
"475",16,"Lew Nichols III",PIT,"RB156","9","Coach Upside rating–No rating available","Coach Bust rating–No rating available","2 out of 5 stars","-"
"476",16,"Desmond Reid",FA,"RB157","-","Coach Upside rating–No rating available","Coach Bust rating–No rating available","-","-"
"477",16,"Jackson Hawes",BUF,"TE84","7","Coach Upside rating–No rating available","Coach Bust rating–No rating available","3 out of 5 stars","-"
"478",16,"Thomas Fidone II",NYG,"TE85","8","Coach Upside rating–No rating available","Coach Bust rating–No rating available","3 out of 5 stars","-"
"479",16,"Tanner Koziol",JAC,"TE86","7","Coach Upside rating–No rating available","Coach Bust rating–No rating available","3 out of 5 stars","-"
"480",16,"Michael Wortham",JAC,"WR191","7","Coach Upside rating–No rating available","Coach Bust rating–No rating available","4 out of 5 stars","-"
"481",16,"Velus Jones Jr.",SEA,"WR192","11","Coach Upside rating–No rating available","Coach Bust rating–No rating available","3 out of 5 stars","-"
"482",16,"Travis Homer",PIT,"RB158","9","Coach Upside rating–No rating available","Coach Bust rating–No rating available","2 out of 5 stars","-"
"483",16,"Zamir White",LV,"RB159","13","Coach Upside rating–No rating available","Coach Bust rating–No rating available","2 out of 5 stars","-"
"484",16,"Jonathan Mingo",DAL,"WR193","14","Coach Upside rating–No rating available","Coach Bust rating–No rating available","2 out of 5 stars","-"
"485",16,"Sincere McCormick",SF,"RB160","8","Coach Upside rating–No rating available","Coach Bust rating–No rating available","2 out of 5 stars","-"
"486",16,"Xavier Weaver",ARI,"WR194","14","Coach Upside rating–No rating available","Coach Bust rating–No rating available","2 out of 5 stars","-"
"487",16,"British Brooks",HOU,"RB161","8","Coach Upside rating–No rating available","Coach Bust rating–No rating available","4 out of 5 stars","-"
"488",16,"Jaydn Ott",KC,"RB162","5","Coach Upside rating–No rating available","Coach Bust rating–No rating available","3 out of 5 stars","-"
"489",16,"Noah Brown",FA,"WR195","-","Coach Upside rating–No rating available","Coach Bust rating–No rating available","-","-"
"490",16,"Brock Wright",DET,"TE87","6","Coach Upside rating–No rating available","Coach Bust rating–No rating available","3 out of 5 stars","-"
"491",16,"Josh Cameron",JAC,"WR196","7","Coach Upside rating–No rating available","Coach Bust rating–No rating available","4 out of 5 stars","-"
"492",16,"JuJu Smith-Schuster",NYG,"WR197","8","Coach Upside rating–No rating available","Coach Bust rating–No rating available","4 out of 5 stars","-"
"493",16,"Josh Reynolds",FA,"WR198","-","Coach Upside rating–No rating available","Coach Bust rating–No rating available","-","-"
"494",16,"Arian Smith",NYJ,"WR199","13","Coach Upside rating–No rating available","Coach Bust rating–No rating available","4 out of 5 stars","-"
"495",16,"Derius Davis",LAC,"WR200","7","Coach Upside rating–No rating available","Coach Bust rating–No rating available","2 out of 5 stars","-"
"496",16,"Kaden Wetjen",PIT,"WR201","9","Coach Upside rating–No rating available","Coach Bust rating–No rating available","3 out of 5 stars","-"
"497",16,"Khalil Dinkins",SF,"TE88","8","Coach Upside rating–No rating available","Coach Bust rating–No rating available","3 out of 5 stars","-"
"498",16,"Jimmy Horn Jr.",CAR,"WR202","5","Coach Upside rating–No rating available","Coach Bust rating–No rating available","2 out of 5 stars","-"
"499",16,"Roman Hemby",LV,"RB163","13","Coach Upside rating–No rating available","Coach Bust rating–No rating available","2 out of 5 stars","-"
"500",16,"Foster Moreau",HOU,"TE89","8","Coach Upside rating–No rating available","Coach Bust rating–No rating available","4 out of 5 stars","-"
"501",16,"Jacardia Wright",SEA,"RB164","11","Coach Upside rating–No rating available","Coach Bust rating–No rating available","4 out of 5 stars","-"
"502",16,"Ben Skowronek",PIT,"WR203","9","Coach Upside rating–No rating available","Coach Bust rating–No rating available","3 out of 5 stars","-"
"503",16,"Emmanuel Henderson Jr.",SEA,"WR204","11","Coach Upside rating–No rating available","Coach Bust rating–No rating available","3 out of 5 stars","-"
"504",16,"Trey Palmer",NO,"WR205","8","Coach Upside rating–No rating available","Coach Bust rating–No rating available","3 out of 5 stars","-"
"505",16,"Theo Wease Jr.",MIA,"WR206","6","Coach Upside rating–No rating available","Coach Bust rating–No rating available","3 out of 5 stars","-"
"506",16,"KeAndre Lambert-Smith",LAC,"WR207","7","Coach Upside rating–No rating available","Coach Bust rating–No rating available","2 out of 5 stars","-"
"507",16,"Patrick Taylor Jr.",SF,"RB165","8","Coach Upside rating–No rating available","Coach Bust rating–No rating available","2 out of 5 stars","-"
"508",16,"Terion Stewart",KC,"RB166","5","Coach Upside rating–No rating available","Coach Bust rating–No rating available","3 out of 5 stars","-"
"509",16,"Bub Means",NO,"WR208","8","Coach Upside rating–No rating available","Coach Bust rating–No rating available","3 out of 5 stars","-"
"510",16,"Anthony Hankerson",MIA,"RB167","6","Coach Upside rating–No rating available","Coach Bust rating–No rating available","3 out of 5 stars","-"
"511",16,"Kendall Milton",CIN,"RB168","6","Coach Upside rating–No rating available","Coach Bust rating–No rating available","2 out of 5 stars","-"
"512",16,"David Moore",CAR,"WR209","5","Coach Upside rating–No rating available","Coach Bust rating–No rating available","2 out of 5 stars","-"
"513",16,"Jeshaun Jones",MIN,"WR210","6","Coach Upside rating–No rating available","Coach Bust rating–No rating available","5 out of 5 stars","-"
"514",16,"Will Dissly",FA,"TE90","-","Coach Upside rating–No rating available","Coach Bust rating–No rating available","-","-"
"515",16,"Gus Edwards",FA,"RB169","-","Coach Upside rating–No rating available","Coach Bust rating–No rating available","-","-"
"516",16,"Cam Akers",FA,"RB170","-","Coach Upside rating–No rating available","Coach Bust rating–No rating available","-","-"
"517",16,"Curtis Samuel",FA,"WR211","-","Coach Upside rating–No rating available","Coach Bust rating–No rating available","-","-"
"518",16,"Jacob Cowing",SF,"WR212","8","Coach Upside rating–No rating available","Coach Bust rating–No rating available","2 out of 5 stars","-"
"519",16,"Juice Wells Jr.",ATL,"WR213","11","Coach Upside rating–No rating available","Coach Bust rating–No rating available","3 out of 5 stars","-"
"520",16,"Elijah Mitchell",PHI,"RB171","10","Coach Upside rating–No rating available","Coach Bust rating–No rating available","4 out of 5 stars","-"
"521",16,"Trey Sermon",FA,"RB172","-","Coach Upside rating–No rating available","Coach Bust rating–No rating available","-","-"
"522",16,"Ja'Quinden Jackson",FA,"RB173","-","Coach Upside rating–No rating available","Coach Bust rating–No rating available","-","-"